"id";"firstname";"lastname";"email"
"1";"Louis";"West-Berge";"Louis27@gmail.com"
"2";"Rhonda";"Feil";"Rhonda63@hotmail.com"
"3";"Elmer";"Windler";"Elmer16@hotmail.com"
"4";"Kristi";"Ferry";"Kristi.Ferry@yahoo.com"
"5";"Mary";"Champlin";"Mary.Champlin@yahoo.com"
"6";"Eric";"Rice";"Eric.Rice@yahoo.com"
"7";"Lisa";"Mante";"Lisa.Mante@yahoo.com"
"8";"Olga";"Haag";"Olga_Haag12@hotmail.com"
"9";"Shawna";"Reinger";"Shawna.Reinger44@gmail.com"
"10";"Kelly";"O'Keefe";"Kelly.OKeefe@gmail.com"